timestamp,precipitation,temp_mean,snow_depth,temp_min,temp_max,day,month,year,visitors,datetime,weekday
2010-01-01 00:00:00+00:00,-1.0,-12.9,27.0,-15.3,-10.1,1,1,2010,293,2010-01-01,Fri
2010-01-02 00:00:00+00:00,-1.0,-17.4,26.0,-19.3,-15.2,2,1,2010,148,2010-01-02,Sat
2010-01-03 00:00:00+00:00,1.0,-12.6,24.0,-21.8,-3.2,3,1,2010,156,2010-01-03,Sun
2010-01-04 00:00:00+00:00,3.5,-3.8,26.0,-8.2,-2.0,4,1,2010,316,2010-01-04,Mon
2010-01-05 00:00:00+00:00,0.5,-9.5,28.0,-14.7,-0.9,5,1,2010,268,2010-01-05,Tue
2010-01-06 00:00:00+00:00,1.2,-11.2,27.0,-15.7,-9.2,6,1,2010,495,2010-01-06,Wed
2010-01-07 00:00:00+00:00,4.3,-8.7,30.0,-10.2,-7.2,7,1,2010,72,2010-01-07,Thu
2010-01-08 00:00:00+00:00,-1.0,-16.1,36.0,-18.9,-9.1,8,1,2010,75,2010-01-08,Fri
2010-01-09 00:00:00+00:00,-1.0,-15.4,34.0,-19.0,-10.3,9,1,2010,110,2010-01-09,Sat
2010-01-10 00:00:00+00:00,0.4,-12.6,33.0,-17.0,-10.8,10,1,2010,111,2010-01-10,Sun
2010-01-11 00:00:00+00:00,-1.0,-10.2,32.0,-14.3,-6.8,11,1,2010,37,2010-01-11,Mon
2010-01-12 00:00:00+00:00,0.4,-3.2,31.0,-6.8,-2.3,12,1,2010,25,2010-01-12,Tue
2010-01-13 00:00:00+00:00,0.1,-4.0,29.0,-5.1,-2.9,13,1,2010,18,2010-01-13,Wed
2010-01-14 00:00:00+00:00,0.3,-4.7,30.0,-5.5,-3.9,14,1,2010,30,2010-01-14,Thu
2010-01-15 00:00:00+00:00,0.3,-3.9,30.0,-4.8,-3.3,15,1,2010,43,2010-01-15,Fri
2010-01-16 00:00:00+00:00,-1.0,-3.9,30.0,-4.8,-2.9,16,1,2010,218,2010-01-16,Sat
2010-01-17 00:00:00+00:00,-1.0,-6.6,29.0,-8.8,-4.6,17,1,2010,238,2010-01-17,Sun
2010-01-18 00:00:00+00:00,-1.0,-7.3,29.0,-9.3,-4.8,18,1,2010,36,2010-01-18,Mon
2010-01-19 00:00:00+00:00,-1.0,-7.8,29.0,-9.8,-6.4,19,1,2010,18,2010-01-19,Tue
2010-01-20 00:00:00+00:00,-1.0,-10.6,29.0,-12.0,-6.9,20,1,2010,97,2010-01-20,Wed
2010-01-21 00:00:00+00:00,-1.0,-14.9,29.0,-16.6,-11.6,21,1,2010,30,2010-01-21,Thu
2010-01-22 00:00:00+00:00,-1.0,-11.9,29.0,-14.2,-9.1,22,1,2010,15,2010-01-22,Fri
2010-01-23 00:00:00+00:00,-1.0,-15.1,29.0,-16.3,-12.6,23,1,2010,86,2010-01-23,Sat
2010-01-24 00:00:00+00:00,-1.0,-17.0,29.0,-22.6,-11.6,24,1,2010,58,2010-01-24,Sun
2010-01-25 00:00:00+00:00,-1.0,-9.2,31.0,-11.9,-6.9,25,1,2010,34,2010-01-25,Mon
2010-01-26 00:00:00+00:00,-1.0,-16.3,32.0,-18.7,-8.2,26,1,2010,23,2010-01-26,Tue
2010-01-27 00:00:00+00:00,-1.0,-17.5,31.0,-21.8,-15.0,27,1,2010,8,2010-01-27,Wed
2010-01-28 00:00:00+00:00,4.5,-16.0,32.0,-18.7,-14.3,28,1,2010,43,2010-01-28,Thu
2010-01-29 00:00:00+00:00,3.6,-12.1,50.0,-15.4,-11.2,29,1,2010,21,2010-01-29,Fri
2010-01-30 00:00:00+00:00,8.8,-7.7,53.0,-11.2,-7.0,30,1,2010,93,2010-01-30,Sat
2010-01-31 00:00:00+00:00,1.5,-2.8,55.0,-7.4,-0.6,31,1,2010,129,2010-01-31,Sun
2010-02-01 00:00:00+00:00,10.1,-5.6,52.0,-9.6,-3.3,1,2,2010,72,2010-02-01,Mon
2010-02-02 00:00:00+00:00,1.0,-5.8,61.0,-7.4,-3.7,2,2,2010,30,2010-02-02,Tue
2010-02-03 00:00:00+00:00,-1.0,-4.2,59.0,-6.0,-2.2,3,2,2010,55,2010-02-03,Wed
2010-02-04 00:00:00+00:00,0.5,-3.7,56.0,-5.2,-3.0,4,2,2010,29,2010-02-04,Thu
2010-02-05 00:00:00+00:00,0.2,-2.9,55.0,-4.0,-2.0,5,2,2010,101,2010-02-05,Fri
2010-02-06 00:00:00+00:00,-1.0,-6.0,53.0,-7.3,-2.9,6,2,2010,290,2010-02-06,Sat
2010-02-07 00:00:00+00:00,3.9,-4.2,52.0,-7.1,-2.8,7,2,2010,276,2010-02-07,Sun
2010-02-08 00:00:00+00:00,2.1,-2.9,55.0,-3.7,-1.4,8,2,2010,15,2010-02-08,Mon
2010-02-09 00:00:00+00:00,1.2,-8.0,56.0,-9.8,-3.5,9,2,2010,31,2010-02-09,Tue
2010-02-10 00:00:00+00:00,-1.0,-11.9,56.0,-14.2,-9.5,10,2,2010,100,2010-02-10,Wed
2010-02-11 00:00:00+00:00,-1.0,-10.9,55.0,-14.3,-8.0,11,2,2010,54,2010-02-11,Thu
2010-02-12 00:00:00+00:00,0.4,-8.8,54.0,-13.8,-7.7,12,2,2010,41,2010-02-12,Fri
2010-02-13 00:00:00+00:00,-1.0,-8.4,53.0,-9.2,-7.0,13,2,2010,273,2010-02-13,Sat
2010-02-14 00:00:00+00:00,-1.0,-10.5,52.0,-16.9,-5.9,14,2,2010,144,2010-02-14,Sun
2010-02-15 00:00:00+00:00,0.6,-10.0,51.0,-14.7,-7.2,15,2,2010,42,2010-02-15,Mon
2010-02-16 00:00:00+00:00,-1.0,-8.2,51.0,-9.1,-6.7,16,2,2010,27,2010-02-16,Tue
2010-02-17 00:00:00+00:00,1.0,-9.1,50.0,-11.2,-6.5,17,2,2010,26,2010-02-17,Wed
2010-02-18 00:00:00+00:00,0.4,-12.8,54.0,-15.6,-10.5,18,2,2010,28,2010-02-18,Thu
2010-02-19 00:00:00+00:00,1.9,-14.7,53.0,-16.9,-12.6,19,2,2010,289,2010-02-19,Fri
2010-02-20 00:00:00+00:00,6.6,-18.3,56.0,-21.0,-14.4,20,2,2010,62,2010-02-20,Sat
2010-02-21 00:00:00+00:00,2.8,-16.7,60.0,-19.3,-14.9,21,2,2010,78,2010-02-21,Sun
2010-02-22 00:00:00+00:00,0.4,-11.7,61.0,-15.2,-7.0,22,2,2010,143,2010-02-22,Mon
2010-02-23 00:00:00+00:00,8.1,-10.2,62.0,-18.0,-6.0,23,2,2010,126,2010-02-23,Tue
2010-02-24 00:00:00+00:00,-1.0,-12.4,73.0,-15.7,-7.2,24,2,2010,215,2010-02-24,Wed
2010-02-25 00:00:00+00:00,-1.0,-6.2,70.0,-14.4,-3.3,25,2,2010,434,2010-02-25,Thu
2010-02-26 00:00:00+00:00,0.9,-3.1,68.0,-8.7,-0.3,26,2,2010,352,2010-02-26,Fri
2010-02-27 00:00:00+00:00,1.0,0.4,66.0,-0.3,0.7,27,2,2010,324,2010-02-27,Sat
2010-02-28 00:00:00+00:00,2.3,1.0,62.0,0.3,1.6,28,2,2010,269,2010-02-28,Sun
2010-03-01 00:00:00+00:00,7.6,0.5,59.0,0.1,1.5,1,3,2010,38,2010-03-01,Mon
2010-03-02 00:00:00+00:00,0.9,0.3,63.0,0.1,2.0,2,3,2010,86,2010-03-02,Tue
2010-03-03 00:00:00+00:00,1.1,-3.9,60.0,-4.6,0.4,3,3,2010,88,2010-03-03,Wed
2010-03-04 00:00:00+00:00,-1.0,-3.3,61.0,-5.5,-0.7,4,3,2010,174,2010-03-04,Thu
2010-03-05 00:00:00+00:00,-1.0,-6.2,61.0,-8.4,-3.0,5,3,2010,175,2010-03-05,Fri
2010-03-06 00:00:00+00:00,-1.0,-6.5,60.0,-12.8,-1.2,6,3,2010,475,2010-03-06,Sat
2010-03-07 00:00:00+00:00,-1.0,-7.3,60.0,-10.3,-3.3,7,3,2010,882,2010-03-07,Sun
2010-03-08 00:00:00+00:00,-1.0,-3.1,60.0,-10.8,-0.4,8,3,2010,37,2010-03-08,Mon
2010-03-09 00:00:00+00:00,-1.0,-2.3,59.0,-7.5,1.9,9,3,2010,290,2010-03-09,Tue
2010-03-10 00:00:00+00:00,-1.0,2.3,59.0,-2.3,6.2,10,3,2010,131,2010-03-10,Wed
2010-03-11 00:00:00+00:00,2.6,0.0,57.0,-0.7,3.7,11,3,2010,157,2010-03-11,Thu
2010-03-12 00:00:00+00:00,1.2,-1.8,59.0,-6.0,0.9,12,3,2010,138,2010-03-12,Fri
2010-03-13 00:00:00+00:00,0.3,-3.6,59.0,-8.6,1.6,13,3,2010,871,2010-03-13,Sat
2010-03-14 00:00:00+00:00,0.2,-5.9,58.0,-8.0,-1.8,14,3,2010,567,2010-03-14,Sun
2010-03-15 00:00:00+00:00,-1.0,-7.4,58.0,-12.4,-2.7,15,3,2010,138,2010-03-15,Mon
2010-03-16 00:00:00+00:00,0.2,-7.7,58.0,-12.7,-4.0,16,3,2010,153,2010-03-16,Tue
2010-03-17 00:00:00+00:00,-1.0,-7.4,58.0,-14.2,-3.2,17,3,2010,134,2010-03-17,Wed
2010-03-18 00:00:00+00:00,10.1,-3.2,58.0,-8.4,-0.2,18,3,2010,121,2010-03-18,Thu
2010-03-19 00:00:00+00:00,3.6,1.5,67.0,-1.3,4.3,19,3,2010,133,2010-03-19,Fri
2010-03-20 00:00:00+00:00,-1.0,1.4,60.0,0.7,2.0,20,3,2010,260,2010-03-20,Sat
2010-03-21 00:00:00+00:00,7.4,0.3,56.0,-1.5,1.3,21,3,2010,496,2010-03-21,Sun
2010-03-22 00:00:00+00:00,-1.0,-1.7,63.0,-6.5,1.7,22,3,2010,171,2010-03-22,Mon
2010-03-23 00:00:00+00:00,0.8,-1.6,60.0,-7.0,2.6,23,3,2010,164,2010-03-23,Tue
2010-03-24 00:00:00+00:00,-1.0,-0.6,57.0,-4.9,4.1,24,3,2010,137,2010-03-24,Wed
2010-03-25 00:00:00+00:00,-1.0,-0.3,57.0,-3.0,1.9,25,3,2010,193,2010-03-25,Thu
2010-03-26 00:00:00+00:00,1.9,1.5,55.0,-0.9,3.3,26,3,2010,221,2010-03-26,Fri
2010-03-27 00:00:00+00:00,8.8,2.1,53.0,1.0,3.5,27,3,2010,405,2010-03-27,Sat
2010-03-28 00:00:00+00:00,1.5,1.8,47.0,0.8,3.3,28,3,2010,164,2010-03-28,Sun
2010-03-29 00:00:00+00:00,3.3,1.5,43.0,0.2,3.0,29,3,2010,84,2010-03-29,Mon
2010-03-30 00:00:00+00:00,0.2,1.3,40.0,0.4,3.1,30,3,2010,156,2010-03-30,Tue
2010-03-31 00:00:00+00:00,2.1,2.3,37.0,-1.5,4.1,31,3,2010,46,2010-03-31,Wed
2011-01-01 00:00:00+00:00,2.4,-4.5,53.0,-8.3,-1.2,1,1,2011,234,2011-01-01,Sat
2011-01-02 00:00:00+00:00,-1.0,-9.8,54.0,-11.1,-7.0,2,1,2011,311,2011-01-02,Sun
2011-01-03 00:00:00+00:00,-1.0,-11.6,52.0,-14.6,-9.4,3,1,2011,220,2011-01-03,Mon
2011-01-04 00:00:00+00:00,0.3,-11.0,50.0,-16.3,-8.0,4,1,2011,270,2011-01-04,Tue
2011-01-05 00:00:00+00:00,0.4,-8.1,50.0,-9.9,-7.2,5,1,2011,351,2011-01-05,Wed
2011-01-06 00:00:00+00:00,6.0,-4.2,50.0,-9.6,-0.8,6,1,2011,700,2011-01-06,Thu
2011-01-07 00:00:00+00:00,4.4,-3.0,54.0,-5.6,-1.0,7,1,2011,260,2011-01-07,Fri
2011-01-08 00:00:00+00:00,7.3,-1.5,54.0,-5.0,1.0,8,1,2011,259,2011-01-08,Sat
2011-01-09 00:00:00+00:00,10.2,0.9,54.0,-1.0,1.9,9,1,2011,112,2011-01-09,Sun
2011-01-10 00:00:00+00:00,-1.0,1.2,50.0,0.6,1.9,10,1,2011,33,2011-01-10,Mon
2011-01-11 00:00:00+00:00,-1.0,1.0,48.0,0.7,1.6,11,1,2011,31,2011-01-11,Tue
2011-01-12 00:00:00+00:00,4.6,-1.5,46.0,-2.5,0.7,12,1,2011,47,2011-01-12,Wed
2011-01-13 00:00:00+00:00,0.9,-2.9,50.0,-3.9,-0.7,13,1,2011,24,2011-01-13,Thu
2011-01-14 00:00:00+00:00,-1.0,-5.4,50.0,-6.1,-3.6,14,1,2011,42,2011-01-14,Fri
2011-01-15 00:00:00+00:00,-1.0,-13.4,49.0,-16.0,-6.1,15,1,2011,128,2011-01-15,Sat
2011-01-16 00:00:00+00:00,8.8,-10.2,48.0,-18.3,-5.9,16,1,2011,104,2011-01-16,Sun
2011-01-17 00:00:00+00:00,1.3,0.2,54.0,-6.1,1.8,17,1,2011,21,2011-01-17,Mon
2011-01-18 00:00:00+00:00,3.0,0.8,51.0,-0.3,2.3,18,1,2011,45,2011-01-18,Tue
2011-01-19 00:00:00+00:00,4.4,0.3,49.0,0.1,0.8,19,1,2011,63,2011-01-19,Wed
2011-01-20 00:00:00+00:00,1.0,-2.6,51.0,-4.7,0.3,20,1,2011,60,2011-01-20,Thu
2011-01-21 00:00:00+00:00,1.5,-5.8,52.0,-7.8,-4.7,21,1,2011,47,2011-01-21,Fri
2011-01-22 00:00:00+00:00,4.0,-4.3,52.0,-5.2,-3.8,22,1,2011,176,2011-01-22,Sat
2011-01-23 00:00:00+00:00,2.3,-5.8,54.0,-8.0,-4.2,23,1,2011,193,2011-01-23,Sun
2011-01-24 00:00:00+00:00,2.6,-2.7,53.0,-6.4,0.3,24,1,2011,16,2011-01-24,Mon
2011-01-25 00:00:00+00:00,4.3,-2.2,53.0,-6.5,0.8,25,1,2011,31,2011-01-25,Tue
2011-01-26 00:00:00+00:00,-1.0,-11.7,56.0,-12.8,-6.4,26,1,2011,97,2011-01-26,Wed
2011-01-27 00:00:00+00:00,-1.0,-10.3,55.0,-17.6,-6.1,27,1,2011,45,2011-01-27,Thu
2011-01-28 00:00:00+00:00,-1.0,-1.8,55.0,-6.8,1.5,28,1,2011,53,2011-01-28,Fri
2011-01-29 00:00:00+00:00,0.2,-0.7,54.0,-3.4,0.5,29,1,2011,264,2011-01-29,Sat
2011-01-30 00:00:00+00:00,-1.0,-2.8,53.0,-6.3,0.0,30,1,2011,279,2011-01-30,Sun
2011-01-31 00:00:00+00:00,-1.0,-1.9,53.0,-8.7,0.6,31,1,2011,40,2011-01-31,Mon
2011-02-01 00:00:00+00:00,0.9,-0.6,52.0,-3.6,1.3,1,2,2011,63,2011-02-01,Tue
2011-02-02 00:00:00+00:00,0.3,1.2,51.0,0.5,2.3,2,2,2011,41,2011-02-02,Wed
2011-02-03 00:00:00+00:00,2.5,0.6,48.0,-1.6,2.1,3,2,2011,34,2011-02-03,Thu
2011-02-04 00:00:00+00:00,3.2,1.0,47.0,-0.4,2.4,4,2,2011,130,2011-02-04,Fri
2011-02-05 00:00:00+00:00,0.4,0.0,46.0,-0.3,1.2,5,2,2011,1064,2011-02-05,Sat
2011-02-06 00:00:00+00:00,-1.0,-1.9,46.0,-2.5,-0.3,6,2,2011,2068,2011-02-06,Sun
2011-02-07 00:00:00+00:00,6.3,-3.7,45.0,-8.5,-0.2,7,2,2011,108,2011-02-07,Mon
2011-02-08 00:00:00+00:00,9.0,-0.3,53.0,-0.7,0.8,8,2,2011,14,2011-02-08,Tue
2011-02-09 00:00:00+00:00,-1.0,-6.6,61.0,-9.3,0.0,9,2,2011,47,2011-02-09,Wed
2011-02-10 00:00:00+00:00,0.5,-10.0,59.0,-14.8,-4.8,10,2,2011,120,2011-02-10,Thu
2011-02-11 00:00:00+00:00,0.9,-10.1,58.0,-13.5,-7.2,11,2,2011,152,2011-02-11,Fri
2011-02-12 00:00:00+00:00,-1.0,-11.8,58.0,-14.4,-9.0,12,2,2011,1229,2011-02-12,Sat
2011-02-13 00:00:00+00:00,-1.0,-17.1,59.0,-19.1,-13.4,13,2,2011,1642,2011-02-13,Sun
2011-02-14 00:00:00+00:00,-1.0,-17.9,58.0,-20.9,-13.5,14,2,2011,131,2011-02-14,Mon
2011-02-15 00:00:00+00:00,-1.0,-17.6,58.0,-22.5,-11.1,15,2,2011,101,2011-02-15,Tue
2011-02-16 00:00:00+00:00,-1.0,-16.2,58.0,-20.8,-12.3,16,2,2011,79,2011-02-16,Wed
2011-02-17 00:00:00+00:00,-1.0,-17.7,57.0,-19.7,-14.8,17,2,2011,61,2011-02-17,Thu
2011-02-18 00:00:00+00:00,-1.0,-19.3,57.0,-23.1,-15.4,18,2,2011,83,2011-02-18,Fri
2011-02-19 00:00:00+00:00,-1.0,-18.1,57.0,-21.1,-12.6,19,2,2011,522,2011-02-19,Sat
2011-02-20 00:00:00+00:00,-1.0,-17.4,57.0,-23.9,-10.0,20,2,2011,931,2011-02-20,Sun
2011-02-21 00:00:00+00:00,-1.0,-16.7,57.0,-21.9,-12.0,21,2,2011,372,2011-02-21,Mon
2011-02-22 00:00:00+00:00,-1.0,-13.7,57.0,-15.7,-10.7,22,2,2011,370,2011-02-22,Tue
2011-02-23 00:00:00+00:00,-1.0,-16.3,57.0,-18.9,-12.9,23,2,2011,390,2011-02-23,Wed
2011-02-24 00:00:00+00:00,-1.0,-17.5,57.0,-21.5,-12.9,24,2,2011,461,2011-02-24,Thu
2011-02-25 00:00:00+00:00,-1.0,-13.5,57.0,-21.4,-7.4,25,2,2011,348,2011-02-25,Fri
2011-02-26 00:00:00+00:00,-1.0,-4.7,57.0,-7.5,-3.5,26,2,2011,727,2011-02-26,Sat
2011-02-27 00:00:00+00:00,-1.0,-4.2,57.0,-5.0,-1.8,27,2,2011,1464,2011-02-27,Sun
2011-02-28 00:00:00+00:00,-1.0,-7.2,57.0,-8.3,-4.5,28,2,2011,188,2011-02-28,Mon
2011-03-01 00:00:00+00:00,-1.0,-4.8,57.0,-11.1,-2.5,1,3,2011,217,2011-03-01,Tue
2011-03-02 00:00:00+00:00,0.2,-1.8,56.0,-4.2,1.3,2,3,2011,257,2011-03-02,Wed
2011-03-03 00:00:00+00:00,-1.0,0.0,56.0,-3.0,4.3,3,3,2011,241,2011-03-03,Thu
2011-03-04 00:00:00+00:00,0.4,-0.2,56.0,-3.0,3.6,4,3,2011,302,2011-03-04,Fri
2011-03-05 00:00:00+00:00,-1.0,0.4,55.0,-0.7,3.4,5,3,2011,783,2011-03-05,Sat
2011-03-06 00:00:00+00:00,-1.0,-2.3,55.0,-3.2,0.5,6,3,2011,971,2011-03-06,Sun
2011-03-07 00:00:00+00:00,-1.0,-3.7,55.0,-10.2,0.6,7,3,2011,165,2011-03-07,Mon
2011-03-08 00:00:00+00:00,-1.0,-0.3,55.0,-1.8,0.8,8,3,2011,135,2011-03-08,Tue
2011-03-09 00:00:00+00:00,-1.0,0.6,54.0,-1.2,2.3,9,3,2011,229,2011-03-09,Wed
2011-03-10 00:00:00+00:00,2.8,1.3,54.0,0.7,2.6,10,3,2011,165,2011-03-10,Thu
2011-03-11 00:00:00+00:00,2.4,0.5,52.0,-0.6,1.6,11,3,2011,93,2011-03-11,Fri
2011-03-12 00:00:00+00:00,-1.0,0.1,50.0,-2.3,2.9,12,3,2011,645,2011-03-12,Sat
2011-03-13 00:00:00+00:00,0.3,0.1,49.0,-1.5,0.7,13,3,2011,639,2011-03-13,Sun
2011-03-14 00:00:00+00:00,0.2,1.0,49.0,-0.4,4.7,14,3,2011,57,2011-03-14,Mon
2011-03-15 00:00:00+00:00,-1.0,-2.4,47.0,-5.4,1.2,15,3,2011,142,2011-03-15,Tue
2011-03-16 00:00:00+00:00,-1.0,-3.1,47.0,-7.1,1.1,16,3,2011,156,2011-03-16,Wed
2011-03-17 00:00:00+00:00,-1.0,-3.4,47.0,-7.3,-0.8,17,3,2011,142,2011-03-17,Thu
2011-03-18 00:00:00+00:00,-1.0,-0.8,46.0,-3.9,1.6,18,3,2011,227,2011-03-18,Fri
2011-03-19 00:00:00+00:00,3.4,-1.5,46.0,-2.1,0.4,19,3,2011,280,2011-03-19,Sat
2011-03-20 00:00:00+00:00,-1.0,-0.7,52.0,-4.4,3.4,20,3,2011,782,2011-03-20,Sun
2011-03-21 00:00:00+00:00,-1.0,-0.7,49.0,-4.2,1.1,21,3,2011,98,2011-03-21,Mon
2011-03-22 00:00:00+00:00,0.8,2.8,48.0,0.8,5.2,22,3,2011,570,2011-03-22,Tue
2011-03-23 00:00:00+00:00,0.3,2.6,45.0,0.5,4.7,23,3,2011,118,2011-03-23,Wed
2011-03-24 00:00:00+00:00,-1.0,-0.2,43.0,-1.7,2.7,24,3,2011,103,2011-03-24,Thu
2011-03-25 00:00:00+00:00,-1.0,-4.2,42.0,-6.4,0.2,25,3,2011,111,2011-03-25,Fri
2011-03-26 00:00:00+00:00,-1.0,-4.3,42.0,-9.8,0.8,26,3,2011,448,2011-03-26,Sat
2011-03-27 00:00:00+00:00,2.1,-1.3,42.0,-5.0,2.0,27,3,2011,588,2011-03-27,Sun
2011-03-28 00:00:00+00:00,-1.0,-0.7,44.0,-1.5,1.4,28,3,2011,120,2011-03-28,Mon
2011-03-29 00:00:00+00:00,2.4,-1.4,44.0,-7.0,2.4,29,3,2011,55,2011-03-29,Tue
2011-03-30 00:00:00+00:00,-1.0,-0.6,44.0,-3.1,2.9,30,3,2011,192,2011-03-30,Wed
2011-03-31 00:00:00+00:00,-1.0,-2.2,43.0,-8.3,1.4,31,3,2011,128,2011-03-31,Thu
2012-01-01 00:00:00+00:00,-1.0,-2.4,-1.0,-4.8,-0.5,1,1,2012,491,2012-01-01,Sun
2012-01-02 00:00:00+00:00,13.3,0.5,-1.0,-0.5,1.0,2,1,2012,388,2012-01-02,Mon
2012-01-03 00:00:00+00:00,4.2,3.6,4.0,0.0,4.6,3,1,2012,564,2012-01-03,Tue
2012-01-04 00:00:00+00:00,2.4,3.2,3.0,1.1,4.5,4,1,2012,321,2012-01-04,Wed
2012-01-05 00:00:00+00:00,2.0,3.2,-1.0,2.4,4.2,5,1,2012,528,2012-01-05,Thu
2012-01-06 00:00:00+00:00,3.8,-0.1,-1.0,-2.4,2.9,6,1,2012,820,2012-01-06,Fri
2012-01-07 00:00:00+00:00,0.2,-3.1,5.0,-5.1,-1.2,7,1,2012,515,2012-01-07,Sat
2012-01-08 00:00:00+00:00,3.9,-8.9,5.0,-11.8,-3.8,8,1,2012,412,2012-01-08,Sun
2012-01-09 00:00:00+00:00,0.4,-4.8,11.0,-7.6,-3.3,9,1,2012,93,2012-01-09,Mon
2012-01-10 00:00:00+00:00,0.9,-4.9,9.0,-6.1,-2.3,10,1,2012,67,2012-01-10,Tue
2012-01-11 00:00:00+00:00,5.4,1.2,8.0,-5.0,3.2,11,1,2012,5,2012-01-11,Wed
2012-01-12 00:00:00+00:00,6.6,1.9,4.0,-0.3,3.6,12,1,2012,33,2012-01-12,Thu
2012-01-13 00:00:00+00:00,3.6,-1.5,0.0,-3.1,2.4,13,1,2012,45,2012-01-13,Fri
2012-01-14 00:00:00+00:00,-1.0,-5.6,6.0,-6.9,-2.8,14,1,2012,170,2012-01-14,Sat
2012-01-15 00:00:00+00:00,-1.0,-6.8,6.0,-7.8,-5.7,15,1,2012,178,2012-01-15,Sun
2012-01-16 00:00:00+00:00,-1.0,-8.6,5.0,-12.3,-5.6,16,1,2012,20,2012-01-16,Mon
2012-01-17 00:00:00+00:00,6.9,-3.1,5.0,-6.6,-1.1,17,1,2012,45,2012-01-17,Tue
2012-01-18 00:00:00+00:00,3.8,-1.7,12.0,-3.0,-0.5,18,1,2012,20,2012-01-18,Wed
2012-01-19 00:00:00+00:00,9.2,-0.8,16.0,-2.0,1.4,19,1,2012,49,2012-01-19,Thu
2012-01-20 00:00:00+00:00,8.3,-0.4,21.0,-1.6,1.6,20,1,2012,46,2012-01-20,Fri
2012-01-21 00:00:00+00:00,4.0,-1.0,29.0,-2.8,1.0,21,1,2012,160,2012-01-21,Sat
2012-01-22 00:00:00+00:00,1.0,-2.2,30.0,-3.6,1.2,22,1,2012,136,2012-01-22,Sun
2012-01-23 00:00:00+00:00,4.4,-2.6,30.0,-5.6,-0.4,23,1,2012,20,2012-01-23,Mon
2012-01-24 00:00:00+00:00,3.0,-5.4,31.0,-6.1,-3.6,24,1,2012,17,2012-01-24,Tue
2012-01-25 00:00:00+00:00,2.9,-6.8,32.0,-8.1,-4.9,25,1,2012,22,2012-01-25,Wed
2012-01-26 00:00:00+00:00,-1.0,-5.2,35.0,-7.5,-2.8,26,1,2012,51,2012-01-26,Thu
2012-01-27 00:00:00+00:00,-1.0,-6.0,32.0,-7.7,-2.8,27,1,2012,58,2012-01-27,Fri
2012-01-28 00:00:00+00:00,-1.0,-5.5,30.0,-6.7,-4.1,28,1,2012,219,2012-01-28,Sat
2012-01-29 00:00:00+00:00,-1.0,-10.6,29.0,-13.1,-3.6,29,1,2012,190,2012-01-29,Sun
2012-01-30 00:00:00+00:00,-1.0,-9.5,28.0,-11.9,-6.5,30,1,2012,24,2012-01-30,Mon
2012-01-31 00:00:00+00:00,-1.0,-12.2,27.0,-15.9,-8.2,31,1,2012,35,2012-01-31,Tue
2012-02-01 00:00:00+00:00,-1.0,-14.3,27.0,-17.0,-11.3,1,2,2012,7,2012-02-01,Wed
2012-02-02 00:00:00+00:00,3.9,-18.7,26.0,-20.0,-16.9,2,2,2012,28,2012-02-02,Thu
2012-02-03 00:00:00+00:00,3.1,-14.8,35.0,-17.8,-12.7,3,2,2012,0,2012-02-03,Fri
2012-02-04 00:00:00+00:00,0.9,-17.2,39.0,-19.7,-14.7,4,2,2012,294,2012-02-04,Sat
2012-02-05 00:00:00+00:00,2.3,-17.4,40.0,-26.2,-8.6,5,2,2012,712,2012-02-05,Sun
2012-02-06 00:00:00+00:00,0.3,-5.0,43.0,-8.6,-3.7,6,2,2012,32,2012-02-06,Mon
2012-02-07 00:00:00+00:00,-1.0,-5.1,40.0,-7.5,-2.8,7,2,2012,95,2012-02-07,Tue
2012-02-08 00:00:00+00:00,-1.0,-14.7,38.0,-16.8,-7.5,8,2,2012,22,2012-02-08,Wed
2012-02-09 00:00:00+00:00,-1.0,-13.4,36.0,-15.5,-10.5,9,2,2012,214,2012-02-09,Thu
2012-02-10 00:00:00+00:00,-1.0,-17.2,35.0,-21.1,-10.6,10,2,2012,41,2012-02-10,Fri
2012-02-11 00:00:00+00:00,-1.0,-9.3,35.0,-19.9,-5.3,11,2,2012,1230,2012-02-11,Sat
2012-02-12 00:00:00+00:00,1.3,-4.6,34.0,-5.3,-4.2,12,2,2012,1867,2012-02-12,Sun
2012-02-13 00:00:00+00:00,-1.0,-7.8,36.0,-10.3,-4.7,13,2,2012,133,2012-02-13,Mon
2012-02-14 00:00:00+00:00,6.7,-4.1,34.0,-9.7,-1.3,14,2,2012,109,2012-02-14,Tue
2012-02-15 00:00:00+00:00,0.6,-3.8,43.0,-6.6,-1.1,15,2,2012,185,2012-02-15,Wed
2012-02-16 00:00:00+00:00,-1.0,-4.5,42.0,-8.7,-1.5,16,2,2012,250,2012-02-16,Thu
2012-02-17 00:00:00+00:00,0.8,-3.6,40.0,-4.2,-1.7,17,2,2012,205,2012-02-17,Fri
2012-02-18 00:00:00+00:00,2.3,-4.3,41.0,-5.1,-3.6,18,2,2012,737,2012-02-18,Sat
2012-02-19 00:00:00+00:00,15.3,-3.4,41.0,-6.2,-1.5,19,2,2012,222,2012-02-19,Sun
2012-02-20 00:00:00+00:00,0.8,-0.7,54.0,-2.5,0.8,20,2,2012,293,2012-02-20,Mon
2012-02-21 00:00:00+00:00,0.6,0.5,51.0,-3.5,1.7,21,2,2012,143,2012-02-21,Tue
2012-02-22 00:00:00+00:00,7.5,-0.9,48.0,-5.3,1.6,22,2,2012,488,2012-02-22,Wed
2012-02-23 00:00:00+00:00,2.8,1.1,46.0,0.3,2.2,23,2,2012,143,2012-02-23,Thu
2012-02-24 00:00:00+00:00,1.7,-1.3,43.0,-2.2,1.4,24,2,2012,411,2012-02-24,Fri
2012-02-25 00:00:00+00:00,1.4,-2.6,43.0,-3.4,-1.4,25,2,2012,594,2012-02-25,Sat
2012-02-26 00:00:00+00:00,-1.0,-3.5,45.0,-4.7,-2.1,26,2,2012,723,2012-02-26,Sun
2012-02-27 00:00:00+00:00,-1.0,-5.6,44.0,-7.7,-2.6,27,2,2012,165,2012-02-27,Mon
2012-02-28 00:00:00+00:00,8.2,-2.9,43.0,-6.4,-1.1,28,2,2012,90,2012-02-28,Tue
2012-02-29 00:00:00+00:00,0.5,0.5,52.0,-3.3,3.9,29,2,2012,279,2012-02-29,Wed
2012-03-01 00:00:00+00:00,2.5,0.1,50.0,-5.0,3.7,1,3,2012,164,2012-03-01,Thu
2012-03-02 00:00:00+00:00,-1.0,2.0,46.0,0.4,3.4,2,3,2012,158,2012-03-02,Fri
2012-03-03 00:00:00+00:00,-1.0,0.1,42.0,-1.8,3.5,3,3,2012,784,2012-03-03,Sat
2012-03-04 00:00:00+00:00,-1.0,-3.2,42.0,-6.4,1.1,4,3,2012,912,2012-03-04,Sun
2012-03-05 00:00:00+00:00,-1.0,-4.4,41.0,-7.6,-1.2,5,3,2012,188,2012-03-05,Mon
2012-03-06 00:00:00+00:00,-1.0,-6.3,41.0,-9.3,-1.8,6,3,2012,149,2012-03-06,Tue
2012-03-07 00:00:00+00:00,-1.0,-7.5,41.0,-14.3,-2.5,7,3,2012,169,2012-03-07,Wed
2012-03-08 00:00:00+00:00,-1.0,-4.1,41.0,-6.3,-2.0,8,3,2012,253,2012-03-08,Thu
2012-03-09 00:00:00+00:00,2.8,-1.8,41.0,-5.3,0.2,9,3,2012,342,2012-03-09,Fri
2012-03-10 00:00:00+00:00,5.3,0.9,42.0,-0.3,2.3,10,3,2012,426,2012-03-10,Sat
2012-03-11 00:00:00+00:00,-1.0,2.1,40.0,0.4,4.5,11,3,2012,903,2012-03-11,Sun
2012-03-12 00:00:00+00:00,-1.0,4.4,37.0,1.2,7.1,12,3,2012,134,2012-03-12,Mon
2012-03-13 00:00:00+00:00,1.2,2.6,35.0,0.9,6.0,13,3,2012,474,2012-03-13,Tue
2012-03-14 00:00:00+00:00,-1.0,0.3,33.0,-2.2,3.3,14,3,2012,138,2012-03-14,Wed
2012-03-15 00:00:00+00:00,-1.0,-0.6,33.0,-5.5,3.5,15,3,2012,112,2012-03-15,Thu
2012-03-16 00:00:00+00:00,-1.0,1.6,32.0,0.4,3.1,16,3,2012,165,2012-03-16,Fri
2012-03-17 00:00:00+00:00,0.2,1.0,29.0,-0.3,2.0,17,3,2012,510,2012-03-17,Sat
2012-03-18 00:00:00+00:00,3.4,1.4,27.0,-1.6,5.0,18,3,2012,1388,2012-03-18,Sun
2012-03-19 00:00:00+00:00,6.2,1.4,25.0,0.2,2.2,19,3,2012,46,2012-03-19,Mon
2012-03-20 00:00:00+00:00,-1.0,2.7,25.0,0.7,5.6,20,3,2012,125,2012-03-20,Tue
2012-03-21 00:00:00+00:00,-1.0,2.8,24.0,0.4,7.1,21,3,2012,216,2012-03-21,Wed
2012-03-22 00:00:00+00:00,-1.0,5.9,21.0,0.7,9.3,22,3,2012,265,2012-03-22,Thu
2012-03-23 00:00:00+00:00,-1.0,5.4,16.0,3.3,8.4,23,3,2012,294,2012-03-23,Fri
2012-03-24 00:00:00+00:00,12.1,2.6,13.0,0.1,5.5,24,3,2012,437,2012-03-24,Sat
2012-03-25 00:00:00+00:00,-1.0,0.7,15.0,-1.5,4.1,25,3,2012,532,2012-03-25,Sun
2012-03-26 00:00:00+00:00,0.9,1.9,13.0,-2.5,6.7,26,3,2012,216,2012-03-26,Mon
2012-03-27 00:00:00+00:00,0.2,4.7,9.0,1.0,7.1,27,3,2012,89,2012-03-27,Tue
2012-03-28 00:00:00+00:00,1.3,4.8,4.0,1.9,7.2,28,3,2012,246,2012-03-28,Wed
2012-03-29 00:00:00+00:00,-1.0,2.9,-1.0,1.8,5.2,29,3,2012,225,2012-03-29,Thu
2012-03-30 00:00:00+00:00,-1.0,1.4,-1.0,-0.5,3.5,30,3,2012,243,2012-03-30,Fri
2012-03-31 00:00:00+00:00,-1.0,-0.3,-1.0,-1.2,2.0,31,3,2012,573,2012-03-31,Sat
2013-01-01 00:00:00+00:00,3.5,2.6,26.0,1.4,3.3,1,1,2013,233,2013-01-01,Tue
2013-01-02 00:00:00+00:00,1.8,2.0,20.0,1.7,2.8,2,1,2013,315,2013-01-02,Wed
2013-01-03 00:00:00+00:00,0.9,0.6,18.0,-0.2,1.7,3,1,2013,696,2013-01-03,Thu
2013-01-04 00:00:00+00:00,0.7,1.1,17.0,-0.1,1.6,4,1,2013,643,2013-01-04,Fri
2013-01-05 00:00:00+00:00,-1.0,-2.8,16.0,-4.0,1.0,5,1,2013,1027,2013-01-05,Sat
2013-01-06 00:00:00+00:00,-1.0,-5.0,16.0,-6.0,-3.9,6,1,2013,732,2013-01-06,Sun
2013-01-07 00:00:00+00:00,0.5,-5.0,16.0,-7.7,-2.0,7,1,2013,177,2013-01-07,Mon
2013-01-08 00:00:00+00:00,1.4,-0.4,16.0,-2.6,0.2,8,1,2013,88,2013-01-08,Tue
2013-01-09 00:00:00+00:00,0.5,-0.8,18.0,-2.3,0.3,9,1,2013,70,2013-01-09,Wed
2013-01-10 00:00:00+00:00,-1.0,-3.7,18.0,-4.9,-2.3,10,1,2013,58,2013-01-10,Thu
2013-01-11 00:00:00+00:00,-1.0,-7.2,18.0,-8.9,-4.9,11,1,2013,62,2013-01-11,Fri
2013-01-12 00:00:00+00:00,-1.0,-10.8,18.0,-13.1,-8.4,12,1,2013,209,2013-01-12,Sat
2013-01-13 00:00:00+00:00,-1.0,-7.8,18.0,-14.1,-4.6,13,1,2013,268,2013-01-13,Sun
2013-01-14 00:00:00+00:00,-1.0,-3.6,18.0,-5.5,-2.5,14,1,2013,56,2013-01-14,Mon
2013-01-15 00:00:00+00:00,3.3,-5.9,18.0,-8.5,-2.2,15,1,2013,29,2013-01-15,Tue
2013-01-16 00:00:00+00:00,0.9,-5.5,22.0,-5.8,-4.9,16,1,2013,38,2013-01-16,Wed
2013-01-17 00:00:00+00:00,-1.0,-9.0,22.0,-12.0,-5.8,17,1,2013,43,2013-01-17,Thu
2013-01-18 00:00:00+00:00,-1.0,-16.6,23.0,-18.3,-12.0,18,1,2013,37,2013-01-18,Fri
2013-01-19 00:00:00+00:00,1.2,-16.3,22.0,-22.6,-10.5,19,1,2013,67,2013-01-19,Sat
2013-01-20 00:00:00+00:00,-1.0,-8.0,24.0,-10.8,-6.8,20,1,2013,347,2013-01-20,Sun
2013-01-21 00:00:00+00:00,-1.0,-8.8,24.0,-11.4,-6.8,21,1,2013,43,2013-01-21,Mon
2013-01-22 00:00:00+00:00,-1.0,-6.2,24.0,-11.2,-4.8,22,1,2013,36,2013-01-22,Tue
2013-01-23 00:00:00+00:00,0.2,-5.3,nan,-6.6,-3.6,23,1,2013,28,2013-01-23,Wed
2013-01-24 00:00:00+00:00,-1.0,-9.9,23.0,-11.3,-5.1,24,1,2013,73,2013-01-24,Thu
2013-01-25 00:00:00+00:00,-1.0,-9.1,23.0,-16.4,-4.7,25,1,2013,83,2013-01-25,Fri
2013-01-26 00:00:00+00:00,0.9,-3.1,23.0,-7.2,-1.2,26,1,2013,573,2013-01-26,Sat
2013-01-27 00:00:00+00:00,-1.0,-4.7,26.0,-6.4,-1.1,27,1,2013,444,2013-01-27,Sun
2013-01-28 00:00:00+00:00,2.6,-3.7,25.0,-6.4,-1.8,28,1,2013,35,2013-01-28,Mon
2013-01-29 00:00:00+00:00,0.8,0.3,26.0,-2.0,1.1,29,1,2013,56,2013-01-29,Tue
2013-01-30 00:00:00+00:00,8.9,-0.1,25.0,-1.1,0.7,30,1,2013,59,2013-01-30,Wed
2013-01-31 00:00:00+00:00,1.9,1.6,27.0,0.3,1.9,31,1,2013,105,2013-01-31,Thu
2013-02-01 00:00:00+00:00,0.2,-0.9,25.0,-2.2,1.6,1,2,2013,44,2013-02-01,Fri
2013-02-02 00:00:00+00:00,-1.0,-1.6,25.0,-3.3,-0.7,2,2,2013,974,2013-02-02,Sat
2013-02-03 00:00:00+00:00,-1.0,-2.9,25.0,-6.2,-0.5,3,2,2013,1687,2013-02-03,Sun
2013-02-04 00:00:00+00:00,0.8,-3.0,25.0,-9.0,0.0,4,2,2013,98,2013-02-04,Mon
2013-02-05 00:00:00+00:00,11.9,-1.8,26.0,-3.0,-0.7,5,2,2013,99,2013-02-05,Tue
2013-02-06 00:00:00+00:00,3.1,-1.4,37.0,-2.6,-0.6,6,2,2013,72,2013-02-06,Wed
2013-02-07 00:00:00+00:00,-1.0,-1.3,40.0,-1.9,0.7,7,2,2013,92,2013-02-07,Thu
2013-02-08 00:00:00+00:00,5.8,-2.7,38.0,-4.2,-1.6,8,2,2013,100,2013-02-08,Fri
2013-02-09 00:00:00+00:00,3.1,-0.8,44.0,-1.6,-0.4,9,2,2013,1036,2013-02-09,Sat
2013-02-10 00:00:00+00:00,7.6,0.2,45.0,-1.2,1.1,10,2,2013,1467,2013-02-10,Sun
2013-02-11 00:00:00+00:00,1.9,-0.3,46.0,-0.7,0.2,11,2,2013,172,2013-02-11,Mon
2013-02-12 00:00:00+00:00,2.3,-1.2,45.0,-2.3,-0.3,12,2,2013,155,2013-02-12,Tue
2013-02-13 00:00:00+00:00,-1.0,0.4,47.0,-1.1,0.6,13,2,2013,277,2013-02-13,Wed
2013-02-14 00:00:00+00:00,0.2,-0.1,45.0,-0.7,0.5,14,2,2013,223,2013-02-14,Thu
2013-02-15 00:00:00+00:00,-1.0,-2.8,43.0,-3.2,-0.7,15,2,2013,211,2013-02-15,Fri
2013-02-16 00:00:00+00:00,-1.0,-2.9,43.0,-3.9,-1.8,16,2,2013,834,2013-02-16,Sat
2013-02-17 00:00:00+00:00,3.2,-0.6,43.0,-2.3,0.4,17,2,2013,790,2013-02-17,Sun
2013-02-18 00:00:00+00:00,4.1,-1.2,47.0,-2.2,0.2,18,2,2013,444,2013-02-18,Mon
2013-02-19 00:00:00+00:00,0.2,-4.2,50.0,-6.1,-2.2,19,2,2013,450,2013-02-19,Tue
2013-02-20 00:00:00+00:00,-1.0,-4.6,49.0,-6.1,-3.0,20,2,2013,595,2013-02-20,Wed
2013-02-21 00:00:00+00:00,-1.0,-6.6,48.0,-8.4,-3.9,21,2,2013,606,2013-02-21,Thu
2013-02-22 00:00:00+00:00,-1.0,-2.8,48.0,-7.6,-0.2,22,2,2013,684,2013-02-22,Fri
2013-02-23 00:00:00+00:00,-1.0,-1.5,47.0,-2.3,-0.2,23,2,2013,735,2013-02-23,Sat
2013-02-24 00:00:00+00:00,-1.0,-4.3,46.0,-5.8,-1.1,24,2,2013,1046,2013-02-24,Sun
2013-02-25 00:00:00+00:00,-1.0,-4.0,46.0,-9.4,1.4,25,2,2013,317,2013-02-25,Mon
2013-02-26 00:00:00+00:00,-1.0,-2.1,46.0,-7.1,2.3,26,2,2013,190,2013-02-26,Tue
2013-02-27 00:00:00+00:00,-1.0,1.6,45.0,-2.5,6.0,27,2,2013,335,2013-02-27,Wed
2013-02-28 00:00:00+00:00,0.2,2.8,45.0,1.1,5.0,28,2,2013,429,2013-02-28,Thu
2013-03-01 00:00:00+00:00,-1.0,-0.4,43.0,-4.4,3.6,1,3,2013,272,2013-03-01,Fri
2013-03-02 00:00:00+00:00,8.6,-8.4,41.0,-13.8,-4.3,2,3,2013,509,2013-03-02,Sat
2013-03-03 00:00:00+00:00,0.2,-6.7,49.0,-8.1,-4.0,3,3,2013,192,2013-03-03,Sun
2013-03-04 00:00:00+00:00,4.1,-9.0,49.0,-17.7,-4.3,4,3,2013,100,2013-03-04,Mon
2013-03-05 00:00:00+00:00,-1.0,-1.4,51.0,-5.1,0.5,5,3,2013,174,2013-03-05,Tue
2013-03-06 00:00:00+00:00,0.4,1.0,50.0,0.4,4.3,6,3,2013,206,2013-03-06,Wed
2013-03-07 00:00:00+00:00,-1.0,-4.9,48.0,-8.6,2.3,7,3,2013,288,2013-03-07,Thu
2013-03-08 00:00:00+00:00,1.5,-7.2,48.0,-14.0,-0.3,8,3,2013,308,2013-03-08,Fri
2013-03-09 00:00:00+00:00,-1.0,-8.6,49.0,-12.9,-3.8,9,3,2013,606,2013-03-09,Sat
2013-03-10 00:00:00+00:00,-1.0,-10.4,48.0,-17.1,-4.4,10,3,2013,496,2013-03-10,Sun
2013-03-11 00:00:00+00:00,-1.0,-7.3,49.0,-11.7,-1.8,11,3,2013,87,2013-03-11,Mon
2013-03-12 00:00:00+00:00,0.8,-6.6,48.0,-14.9,-1.9,12,3,2013,74,2013-03-12,Tue
2013-03-13 00:00:00+00:00,-1.0,-5.8,50.0,-9.2,-2.7,13,3,2013,76,2013-03-13,Wed
2013-03-14 00:00:00+00:00,-1.0,-10.2,49.0,-18.4,-3.8,14,3,2013,79,2013-03-14,Thu
2013-03-15 00:00:00+00:00,-1.0,-9.2,49.0,-16.8,-2.7,15,3,2013,102,2013-03-15,Fri
2013-03-16 00:00:00+00:00,-1.0,-4.9,nan,-10.4,0.5,16,3,2013,722,2013-03-16,Sat
2013-03-17 00:00:00+00:00,-1.0,-7.5,nan,-12.0,-3.0,17,3,2013,988,2013-03-17,Sun
2013-03-18 00:00:00+00:00,0.3,-9.5,nan,-13.5,-5.5,18,3,2013,165,2013-03-18,Mon
2013-03-19 00:00:00+00:00,0.2,-6.9,49.0,-10.2,-4.1,19,3,2013,107,2013-03-19,Tue
2013-03-20 00:00:00+00:00,-1.0,-4.1,49.0,-7.3,-0.6,20,3,2013,108,2013-03-20,Wed
2013-03-21 00:00:00+00:00,-1.0,-6.5,48.0,-10.4,-2.3,21,3,2013,128,2013-03-21,Thu
2013-03-22 00:00:00+00:00,-1.0,-9.0,48.0,-13.9,-5.4,22,3,2013,135,2013-03-22,Fri
2013-03-23 00:00:00+00:00,-1.0,-4.5,48.0,-10.9,1.4,23,3,2013,597,2013-03-23,Sat
2013-03-24 00:00:00+00:00,-1.0,-2.2,48.0,-8.0,2.3,24,3,2013,660,2013-03-24,Sun
2013-03-25 00:00:00+00:00,-1.0,-2.0,47.0,-7.9,3.4,25,3,2013,190,2013-03-25,Mon
2013-03-26 00:00:00+00:00,-1.0,-1.4,46.0,-4.7,3.1,26,3,2013,325,2013-03-26,Tue
2013-03-27 00:00:00+00:00,-1.0,-2.6,44.0,-9.5,1.9,27,3,2013,247,2013-03-27,Wed
2013-03-28 00:00:00+00:00,-1.0,-1.0,44.0,-4.2,2.4,28,3,2013,220,2013-03-28,Thu
2013-03-29 00:00:00+00:00,-1.0,-1.8,43.0,-6.2,1.3,29,3,2013,2199,2013-03-29,Fri
2013-03-30 00:00:00+00:00,-1.0,-1.8,42.0,-4.5,1.9,30,3,2013,1772,2013-03-30,Sat
2013-03-31 00:00:00+00:00,-1.0,-1.8,42.0,-6.2,3.0,31,3,2013,2246,2013-03-31,Sun
2014-01-01 00:00:00+00:00,-1.0,3.6,-1.0,2.1,5.3,1,1,2014,443,2014-01-01,Wed
2014-01-02 00:00:00+00:00,-1.0,1.1,-1.0,0.6,2.2,2,1,2014,637,2014-01-02,Thu
2014-01-03 00:00:00+00:00,-1.0,1.7,-1.0,1.1,2.0,3,1,2014,713,2014-01-03,Fri
2014-01-04 00:00:00+00:00,2.7,2.6,-1.0,1.6,2.4,4,1,2014,885,2014-01-04,Sat
2014-01-05 00:00:00+00:00,-1.0,4.5,-1.0,2.2,5.2,5,1,2014,977,2014-01-05,Sun
2014-01-06 00:00:00+00:00,0.8,2.4,-1.0,1.3,4.5,6,1,2014,944,2014-01-06,Mon
2014-01-07 00:00:00+00:00,11.1,3.4,-1.0,2.8,3.9,7,1,2014,120,2014-01-07,Tue
2014-01-08 00:00:00+00:00,1.4,5.1,-1.0,2.5,5.6,8,1,2014,116,2014-01-08,Wed
2014-01-09 00:00:00+00:00,10.7,4.6,-1.0,3.9,5.3,9,1,2014,114,2014-01-09,Thu
2014-01-10 00:00:00+00:00,3.0,1.8,-1.0,0.4,4.2,10,1,2014,58,2014-01-10,Fri
2014-01-11 00:00:00+00:00,1.7,-3.2,-1.0,-3.9,0.4,11,1,2014,336,2014-01-11,Sat
2014-01-12 00:00:00+00:00,0.2,-7.3,2.0,-8.6,-3.9,12,1,2014,225,2014-01-12,Sun
2014-01-13 00:00:00+00:00,-1.0,-10.4,2.0,-12.3,-7.8,13,1,2014,35,2014-01-13,Mon
2014-01-14 00:00:00+00:00,-1.0,-13.6,2.0,-15.1,-12.0,14,1,2014,22,2014-01-14,Tue
2014-01-15 00:00:00+00:00,0.6,-10.4,2.0,-13.3,-8.4,15,1,2014,18,2014-01-15,Wed
2014-01-16 00:00:00+00:00,-1.0,-11.5,4.0,-12.5,-8.0,16,1,2014,81,2014-01-16,Thu
2014-01-17 00:00:00+00:00,-1.0,-12.7,4.0,-13.9,-11.6,17,1,2014,37,2014-01-17,Fri
2014-01-18 00:00:00+00:00,-1.0,-12.7,5.0,-14.2,-10.8,18,1,2014,100,2014-01-18,Sat
2014-01-19 00:00:00+00:00,-1.0,-12.1,4.0,-16.3,-8.7,19,1,2014,144,2014-01-19,Sun
2014-01-20 00:00:00+00:00,0.3,-11.0,4.0,-14.3,-8.6,20,1,2014,36,2014-01-20,Mon
2014-01-21 00:00:00+00:00,-1.0,-10.4,6.0,-12.5,-8.1,21,1,2014,20,2014-01-21,Tue
2014-01-22 00:00:00+00:00,-1.0,-13.9,6.0,-15.0,-12.2,22,1,2014,15,2014-01-22,Wed
2014-01-23 00:00:00+00:00,-1.0,-14.3,6.0,-16.9,-11.0,23,1,2014,90,2014-01-23,Thu
2014-01-24 00:00:00+00:00,-1.0,-15.3,7.0,-18.2,-12.8,24,1,2014,68,2014-01-24,Fri
2014-01-25 00:00:00+00:00,-1.0,-7.2,7.0,-17.2,-4.5,25,1,2014,158,2014-01-25,Sat
2014-01-26 00:00:00+00:00,-1.0,-7.2,6.0,-8.4,-4.9,26,1,2014,202,2014-01-26,Sun
2014-01-27 00:00:00+00:00,-1.0,-7.0,6.0,-8.7,-4.4,27,1,2014,39,2014-01-27,Mon
2014-01-28 00:00:00+00:00,-1.0,-6.9,6.0,-8.0,-5.2,28,1,2014,13,2014-01-28,Tue
2014-01-29 00:00:00+00:00,-1.0,-7.8,6.0,-8.4,-5.8,29,1,2014,17,2014-01-29,Wed
2014-01-30 00:00:00+00:00,-1.0,-9.7,6.0,-11.0,-7.5,30,1,2014,79,2014-01-30,Thu
2014-01-31 00:00:00+00:00,13.4,-8.3,6.0,-10.2,-6.4,31,1,2014,61,2014-01-31,Fri
2014-02-01 00:00:00+00:00,0.8,-5.6,18.0,-7.6,-4.3,1,2,2014,101,2014-02-01,Sat
2014-02-02 00:00:00+00:00,1.1,-2.6,17.0,-4.7,-2.2,2,2,2014,202,2014-02-02,Sun
2014-02-03 00:00:00+00:00,0.5,-0.4,16.0,-3.0,0.6,3,2,2014,42,2014-02-03,Mon
2014-02-04 00:00:00+00:00,-1.0,-0.1,16.0,-0.5,0.8,4,2,2014,174,2014-02-04,Tue
2014-02-05 00:00:00+00:00,-1.0,-2.9,15.0,-4.7,0.1,5,2,2014,49,2014-02-05,Wed
2014-02-06 00:00:00+00:00,-1.0,-5.3,15.0,-7.3,-2.1,6,2,2014,42,2014-02-06,Thu
2014-02-07 00:00:00+00:00,2.5,-1.1,15.0,-7.1,0.9,7,2,2014,136,2014-02-07,Fri
2014-02-08 00:00:00+00:00,2.5,1.6,13.0,0.6,2.2,8,2,2014,490,2014-02-08,Sat
2014-02-09 00:00:00+00:00,0.7,2.1,11.0,1.0,3.4,9,2,2014,1396,2014-02-09,Sun
2014-02-10 00:00:00+00:00,5.7,1.4,9.0,1.1,2.3,10,2,2014,58,2014-02-10,Mon
2014-02-11 00:00:00+00:00,2.4,0.3,10.0,0.1,1.3,11,2,2014,101,2014-02-11,Tue
2014-02-12 00:00:00+00:00,2.1,0.9,10.0,0.0,1.7,12,2,2014,128,2014-02-12,Wed
2014-02-13 00:00:00+00:00,-1.0,1.2,8.0,0.6,1.8,13,2,2014,69,2014-02-13,Thu
2014-02-14 00:00:00+00:00,-1.0,0.8,7.0,0.4,1.7,14,2,2014,384,2014-02-14,Fri
2014-02-15 00:00:00+00:00,1.0,0.4,7.0,-0.1,1.2,15,2,2014,1258,2014-02-15,Sat
2014-02-16 00:00:00+00:00,1.0,1.4,8.0,0.1,2.6,16,2,2014,1265,2014-02-16,Sun
2014-02-17 00:00:00+00:00,1.1,1.8,6.0,1.2,2.6,17,2,2014,382,2014-02-17,Mon
2014-02-18 00:00:00+00:00,0.3,1.4,4.0,1.0,2.2,18,2,2014,836,2014-02-18,Tue
2014-02-19 00:00:00+00:00,0.1,0.6,4.0,-0.8,1.8,19,2,2014,779,2014-02-19,Wed
2014-02-20 00:00:00+00:00,0.3,-1.7,4.0,-2.6,0.7,20,2,2014,800,2014-02-20,Thu
2014-02-21 00:00:00+00:00,0.8,-1.7,4.0,-4.3,0.0,21,2,2014,625,2014-02-21,Fri
2014-02-22 00:00:00+00:00,1.2,1.8,4.0,-0.2,2.4,22,2,2014,407,2014-02-22,Sat
2014-02-23 00:00:00+00:00,0.1,2.2,2.0,1.5,2.9,23,2,2014,607,2014-02-23,Sun
2014-02-24 00:00:00+00:00,-1.0,3.3,-1.0,1.8,4.7,24,2,2014,264,2014-02-24,Mon
2014-02-25 00:00:00+00:00,-1.0,1.9,-1.0,0.5,4.0,25,2,2014,290,2014-02-25,Tue
2014-02-26 00:00:00+00:00,-1.0,0.6,-1.0,-0.5,3.0,26,2,2014,285,2014-02-26,Wed
2014-02-27 00:00:00+00:00,0.2,1.0,-1.0,0.6,1.5,27,2,2014,269,2014-02-27,Thu
2014-02-28 00:00:00+00:00,-1.0,0.9,-1.0,0.5,1.3,28,2,2014,292,2014-02-28,Fri
2014-03-01 00:00:00+00:00,-1.0,0.1,-1.0,-1.2,2.4,1,3,2014,1333,2014-03-01,Sat
2014-03-02 00:00:00+00:00,3.8,0.7,-1.0,0.3,1.1,2,3,2014,649,2014-03-02,Sun
2014-03-03 00:00:00+00:00,2.1,0.9,0.0,0.4,1.5,3,3,2014,134,2014-03-03,Mon
2014-03-04 00:00:00+00:00,-1.0,1.1,nan,0.5,2.0,4,3,2014,231,2014-03-04,Tue
2014-03-05 00:00:00+00:00,-1.0,1.3,-1.0,0.3,3.5,5,3,2014,299,2014-03-05,Wed
2014-03-06 00:00:00+00:00,-1.0,0.6,-1.0,-1.5,2.3,6,3,2014,357,2014-03-06,Thu
2014-03-07 00:00:00+00:00,2.2,1.7,-1.0,0.3,2.9,7,3,2014,195,2014-03-07,Fri
2014-03-08 00:00:00+00:00,0.2,4.2,-1.0,0.8,7.7,8,3,2014,574,2014-03-08,Sat
2014-03-09 00:00:00+00:00,-1.0,3.4,-1.0,1.0,5.5,9,3,2014,918,2014-03-09,Sun
2014-03-10 00:00:00+00:00,1.3,4.2,-1.0,2.8,7.1,10,3,2014,184,2014-03-10,Mon
2014-03-11 00:00:00+00:00,-1.0,4.8,-1.0,2.5,8.0,11,3,2014,229,2014-03-11,Tue
2014-03-12 00:00:00+00:00,-1.0,5.8,-1.0,1.0,10.9,12,3,2014,336,2014-03-12,Wed
2014-03-13 00:00:00+00:00,-1.0,5.0,-1.0,2.0,9.4,13,3,2014,201,2014-03-13,Thu
2014-03-14 00:00:00+00:00,9.0,4.7,-1.0,1.7,8.4,14,3,2014,214,2014-03-14,Fri
2014-03-15 00:00:00+00:00,3.6,0.8,5.0,0.2,4.8,15,3,2014,142,2014-03-15,Sat
2014-03-16 00:00:00+00:00,0.2,-1.5,4.0,-2.7,1.1,16,3,2014,351,2014-03-16,Sun
2014-03-17 00:00:00+00:00,-1.0,-4.1,4.0,-8.1,-0.2,17,3,2014,74,2014-03-17,Mon
2014-03-18 00:00:00+00:00,0.8,-1.8,4.0,-6.9,1.6,18,3,2014,97,2014-03-18,Tue
2014-03-19 00:00:00+00:00,-1.0,-2.0,4.0,-4.1,1.5,19,3,2014,92,2014-03-19,Wed
2014-03-20 00:00:00+00:00,5.3,-2.4,4.0,-8.3,0.1,20,3,2014,87,2014-03-20,Thu
2014-03-21 00:00:00+00:00,0.8,4.5,7.0,-1.3,8.9,21,3,2014,140,2014-03-21,Fri
2014-03-22 00:00:00+00:00,-1.0,3.3,-1.0,1.9,6.0,22,3,2014,1325,2014-03-22,Sat
2014-03-23 00:00:00+00:00,0.4,2.7,-1.0,1.6,4.4,23,3,2014,370,2014-03-23,Sun
2014-03-24 00:00:00+00:00,-1.0,3.5,-1.0,1.7,6.5,24,3,2014,192,2014-03-24,Mon
2014-03-25 00:00:00+00:00,-1.0,4.9,-1.0,1.3,8.7,25,3,2014,399,2014-03-25,Tue
2014-03-26 00:00:00+00:00,-1.0,3.6,-1.0,0.2,6.3,26,3,2014,237,2014-03-26,Wed
2014-03-27 00:00:00+00:00,-1.0,4.0,-1.0,-1.4,9.4,27,3,2014,312,2014-03-27,Thu
2014-03-28 00:00:00+00:00,-1.0,3.6,0.0,0.9,8.0,28,3,2014,340,2014-03-28,Fri
2014-03-29 00:00:00+00:00,-1.0,3.0,-1.0,-1.5,6.1,29,3,2014,1492,2014-03-29,Sat
2014-03-30 00:00:00+00:00,-1.0,4.6,0.0,-0.8,9.5,30,3,2014,970,2014-03-30,Sun
2014-03-31 00:00:00+00:00,-1.0,1.2,-1.0,-1.7,4.8,31,3,2014,154,2014-03-31,Mon
2015-01-01 00:00:00+00:00,0.9,3.4,3.0,1.9,5.1,1,1,2015,420,2015-01-01,Thu
2015-01-02 00:00:00+00:00,3.4,4.2,-1.0,3.7,6.0,2,1,2015,88,2015-01-02,Fri
2015-01-03 00:00:00+00:00,1.5,1.8,-1.0,0.9,4.1,3,1,2015,267,2015-01-03,Sat
2015-01-04 00:00:00+00:00,0.1,-1.6,-1.0,-2.0,1.0,4,1,2015,489,2015-01-04,Sun
2015-01-05 00:00:00+00:00,-1.0,-8.8,-1.0,-11.4,-1.1,5,1,2015,359,2015-01-05,Mon
2015-01-06 00:00:00+00:00,-1.0,-10.7,-1.0,-14.0,-9.0,6,1,2015,334,2015-01-06,Tue
2015-01-07 00:00:00+00:00,0.4,-2.5,0.0,-9.3,-1.4,7,1,2015,139,2015-01-07,Wed
2015-01-08 00:00:00+00:00,2.9,1.1,0.0,-2.1,3.4,8,1,2015,138,2015-01-08,Thu
2015-01-09 00:00:00+00:00,0.3,0.9,-1.0,-0.4,3.7,9,1,2015,132,2015-01-09,Fri
2015-01-10 00:00:00+00:00,11.5,-0.5,-1.0,-1.5,0.7,10,1,2015,296,2015-01-10,Sat
2015-01-11 00:00:00+00:00,0.4,-6.2,13.0,-12.0,0.9,11,1,2015,68,2015-01-11,Sun
2015-01-12 00:00:00+00:00,9.6,-10.3,12.0,-13.0,-9.8,12,1,2015,25,2015-01-12,Mon
2015-01-13 00:00:00+00:00,2.6,1.7,17.0,-9.8,2.6,13,1,2015,16,2015-01-13,Tue
2015-01-14 00:00:00+00:00,0.1,2.1,13.0,0.6,3.4,14,1,2015,37,2015-01-14,Wed
2015-01-15 00:00:00+00:00,6.7,2.2,11.0,1.2,3.1,15,1,2015,45,2015-01-15,Thu
2015-01-16 00:00:00+00:00,1.5,2.3,14.0,0.2,4.0,16,1,2015,13,2015-01-16,Fri
2015-01-17 00:00:00+00:00,1.1,2.8,6.0,1.4,4.0,17,1,2015,193,2015-01-17,Sat
2015-01-18 00:00:00+00:00,-1.0,2.3,3.0,1.5,3.1,18,1,2015,229,2015-01-18,Sun
2015-01-19 00:00:00+00:00,1.1,-0.4,2.0,-1.7,1.6,19,1,2015,37,2015-01-19,Mon
2015-01-20 00:00:00+00:00,-1.0,-2.1,3.0,-3.1,-1.3,20,1,2015,19,2015-01-20,Tue
2015-01-21 00:00:00+00:00,-1.0,-3.6,3.0,-5.9,-0.9,21,1,2015,34,2015-01-21,Wed
2015-01-22 00:00:00+00:00,0.5,-6.6,3.0,-8.6,-5.8,22,1,2015,19,2015-01-22,Thu
2015-01-23 00:00:00+00:00,1.4,-3.3,3.0,-6.9,0.9,23,1,2015,45,2015-01-23,Fri
2015-01-24 00:00:00+00:00,-1.0,-0.6,3.0,-3.5,0.9,24,1,2015,413,2015-01-24,Sat
2015-01-25 00:00:00+00:00,-1.0,-0.6,4.0,-1.1,0.1,25,1,2015,302,2015-01-25,Sun
2015-01-26 00:00:00+00:00,-1.0,1.1,4.0,-0.3,1.8,26,1,2015,74,2015-01-26,Mon
2015-01-27 00:00:00+00:00,0.5,0.4,4.0,-0.6,1.3,27,1,2015,48,2015-01-27,Tue
2015-01-28 00:00:00+00:00,-1.0,1.0,5.0,-0.8,1.9,28,1,2015,22,2015-01-28,Wed
2015-01-29 00:00:00+00:00,0.2,1.0,3.0,0.3,1.6,29,1,2015,13,2015-01-29,Thu
2015-01-30 00:00:00+00:00,-1.0,1.0,3.0,0.3,1.7,30,1,2015,53,2015-01-30,Fri
2015-01-31 00:00:00+00:00,18.4,0.8,3.0,-0.2,1.3,31,1,2015,189,2015-01-31,Sat
2015-02-01 00:00:00+00:00,6.4,0.6,9.0,0.3,1.1,1,2,2015,156,2015-02-01,Sun
2015-02-02 00:00:00+00:00,3.5,1.1,9.0,0.6,1.6,2,2,2015,37,2015-02-02,Mon
2015-02-03 00:00:00+00:00,0.4,0.6,9.0,0.0,1.5,3,2,2015,19,2015-02-03,Tue
2015-02-04 00:00:00+00:00,-1.0,-1.0,9.0,-3.0,0.6,4,2,2015,33,2015-02-04,Wed
2015-02-05 00:00:00+00:00,0.9,-0.9,9.0,-1.3,-0.1,5,2,2015,145,2015-02-05,Thu
2015-02-06 00:00:00+00:00,0.1,0.9,8.0,-1.9,3.3,6,2,2015,118,2015-02-06,Fri
2015-02-07 00:00:00+00:00,0.1,1.2,10.0,0.3,2.9,7,2,2015,376,2015-02-07,Sat
2015-02-08 00:00:00+00:00,-1.0,-2.7,9.0,-4.6,1.5,8,2,2015,308,2015-02-08,Sun
2015-02-09 00:00:00+00:00,0.4,-1.9,9.0,-6.5,0.8,9,2,2015,41,2015-02-09,Mon
2015-02-10 00:00:00+00:00,-1.0,4.6,9.0,0.6,8.3,10,2,2015,102,2015-02-10,Tue
2015-02-11 00:00:00+00:00,-1.0,3.5,8.0,2.2,6.7,11,2,2015,162,2015-02-11,Wed
2015-02-12 00:00:00+00:00,0.1,2.0,7.0,1.2,3.0,12,2,2015,65,2015-02-12,Thu
2015-02-13 00:00:00+00:00,0.3,1.2,6.0,-1.2,2.2,13,2,2015,103,2015-02-13,Fri
2015-02-14 00:00:00+00:00,0.4,0.6,5.0,0.1,1.6,14,2,2015,272,2015-02-14,Sat
2015-02-15 00:00:00+00:00,-1.0,-4.7,5.0,-7.2,0.9,15,2,2015,686,2015-02-15,Sun
2015-02-16 00:00:00+00:00,-1.0,-2.4,5.0,-6.7,-1.2,16,2,2015,591,2015-02-16,Mon
2015-02-17 00:00:00+00:00,0.9,-1.3,5.0,-2.9,-0.4,17,2,2015,449,2015-02-17,Tue
2015-02-18 00:00:00+00:00,0.1,2.0,5.0,-0.5,3.8,18,2,2015,574,2015-02-18,Wed
2015-02-19 00:00:00+00:00,-1.0,2.6,4.0,1.6,3.6,19,2,2015,568,2015-02-19,Thu
2015-02-20 00:00:00+00:00,1.2,2.7,-1.0,2.3,3.8,20,2,2015,356,2015-02-20,Fri
2015-02-21 00:00:00+00:00,3.2,1.9,-1.0,0.8,2.6,21,2,2015,482,2015-02-21,Sat
2015-02-22 00:00:00+00:00,2.7,2.2,-1.0,1.6,3.3,22,2,2015,300,2015-02-22,Sun
2015-02-23 00:00:00+00:00,3.3,2.4,-1.0,0.8,3.1,23,2,2015,191,2015-02-23,Mon
2015-02-24 00:00:00+00:00,1.2,2.7,-1.0,0.9,3.3,24,2,2015,89,2015-02-24,Tue
2015-02-25 00:00:00+00:00,-1.0,3.0,-1.0,2.3,4.5,25,2,2015,273,2015-02-25,Wed
2015-02-26 00:00:00+00:00,-1.0,1.4,-1.0,0.3,3.3,26,2,2015,289,2015-02-26,Thu
2015-02-27 00:00:00+00:00,-1.0,1.0,-1.0,-0.7,3.1,27,2,2015,256,2015-02-27,Fri
2015-02-28 00:00:00+00:00,-1.0,1.4,-1.0,0.2,2.3,28,2,2015,677,2015-02-28,Sat
2015-03-01 00:00:00+00:00,-1.0,2.0,-1.0,1.2,3.0,1,3,2015,452,2015-03-01,Sun
2015-03-02 00:00:00+00:00,6.7,2.6,-1.0,2.0,3.2,2,3,2015,82,2015-03-02,Mon
2015-03-03 00:00:00+00:00,4.9,2.0,-1.0,0.6,2.6,3,3,2015,133,2015-03-03,Tue
2015-03-04 00:00:00+00:00,0.3,1.6,-1.0,0.8,2.6,4,3,2015,205,2015-03-04,Wed
2015-03-05 00:00:00+00:00,-1.0,1.6,-1.0,0.7,3.0,5,3,2015,273,2015-03-05,Thu
2015-03-06 00:00:00+00:00,2.3,1.7,-1.0,1.1,2.5,6,3,2015,245,2015-03-06,Fri
2015-03-07 00:00:00+00:00,0.1,2.1,-1.0,0.2,3.9,7,3,2015,344,2015-03-07,Sat
2015-03-08 00:00:00+00:00,-1.0,4.8,-1.0,3.2,5.3,8,3,2015,354,2015-03-08,Sun
2015-03-09 00:00:00+00:00,-1.0,6.1,-1.0,3.9,10.3,9,3,2015,197,2015-03-09,Mon
2015-03-10 00:00:00+00:00,0.2,3.5,-1.0,1.8,5.9,10,3,2015,118,2015-03-10,Tue
2015-03-11 00:00:00+00:00,-1.0,4.2,-1.0,3.0,6.9,11,3,2015,129,2015-03-11,Wed
2015-03-12 00:00:00+00:00,-1.0,1.5,-1.0,-1.5,4.8,12,3,2015,208,2015-03-12,Thu
2015-03-13 00:00:00+00:00,-1.0,1.6,-1.0,-2.3,4.8,13,3,2015,252,2015-03-13,Fri
2015-03-14 00:00:00+00:00,-1.0,2.3,nan,-1.3,6.3,14,3,2015,1296,2015-03-14,Sat
2015-03-15 00:00:00+00:00,-1.0,3.3,nan,-0.8,7.1,15,3,2015,1323,2015-03-15,Sun
2015-03-16 00:00:00+00:00,-1.0,3.3,nan,-0.6,7.1,16,3,2015,214,2015-03-16,Mon
2015-03-17 00:00:00+00:00,-1.0,3.3,-1.0,-1.7,10.1,17,3,2015,254,2015-03-17,Tue
2015-03-18 00:00:00+00:00,-1.0,3.6,-1.0,-1.8,11.1,18,3,2015,159,2015-03-18,Wed
2015-03-19 00:00:00+00:00,-1.0,3.1,-1.0,-2.3,8.2,19,3,2015,266,2015-03-19,Thu
2015-03-20 00:00:00+00:00,-1.0,2.8,-1.0,1.9,3.9,20,3,2015,186,2015-03-20,Fri
2015-03-21 00:00:00+00:00,-1.0,-1.3,-1.0,-2.5,2.6,21,3,2015,630,2015-03-21,Sat
2015-03-22 00:00:00+00:00,-1.0,-2.7,-1.0,-7.5,0.9,22,3,2015,395,2015-03-22,Sun
2015-03-23 00:00:00+00:00,0.5,2.4,-1.0,0.1,3.0,23,3,2015,28,2015-03-23,Mon
2015-03-24 00:00:00+00:00,-1.0,5.1,-1.0,2.9,9.2,24,3,2015,162,2015-03-24,Tue
2015-03-25 00:00:00+00:00,2.0,-0.7,-1.0,-1.4,4.6,25,3,2015,103,2015-03-25,Wed
2015-03-26 00:00:00+00:00,-1.0,0.5,0.0,-2.6,1.8,26,3,2015,130,2015-03-26,Thu
2015-03-27 00:00:00+00:00,5.7,2.2,-1.0,1.0,3.0,27,3,2015,140,2015-03-27,Fri
2015-03-28 00:00:00+00:00,1.3,3.7,-1.0,2.6,5.1,28,3,2015,144,2015-03-28,Sat
2015-03-29 00:00:00+00:00,3.3,2.8,-1.0,1.5,4.4,29,3,2015,214,2015-03-29,Sun
2015-03-30 00:00:00+00:00,19.1,1.4,-1.0,0.4,3.5,30,3,2015,54,2015-03-30,Mon
2015-03-31 00:00:00+00:00,0.4,2.6,2.0,0.8,3.5,31,3,2015,54,2015-03-31,Tue
2016-01-01 00:00:00+00:00,-1.0,-4.6,-1.0,-5.6,-2.6,1,1,2016,443,2016-01-01,Fri
2016-01-02 00:00:00+00:00,-1.0,-7.0,-1.0,-7.8,-5.5,2,1,2016,363,2016-01-02,Sat
2016-01-03 00:00:00+00:00,3.2,-8.7,-1.0,-10.0,-7.2,3,1,2016,327,2016-01-03,Sun
2016-01-04 00:00:00+00:00,-1.0,-11.2,4.0,-13.5,-4.9,4,1,2016,170,2016-01-04,Mon
2016-01-05 00:00:00+00:00,0.6,-17.6,4.0,-19.6,-13.3,5,1,2016,118,2016-01-05,Tue
2016-01-06 00:00:00+00:00,-1.0,-20.3,4.0,-21.3,-16.4,6,1,2016,88,2016-01-06,Wed
2016-01-07 00:00:00+00:00,-1.0,-22.7,4.0,-23.7,-20.7,7,1,2016,48,2016-01-07,Thu
2016-01-08 00:00:00+00:00,0.5,-16.5,4.0,-23.9,-9.8,8,1,2016,48,2016-01-08,Fri
2016-01-09 00:00:00+00:00,0.5,-10.5,6.0,-11.9,-8.2,9,1,2016,106,2016-01-09,Sat
2016-01-10 00:00:00+00:00,0.3,-11.3,11.0,-13.1,-10.7,10,1,2016,162,2016-01-10,Sun
2016-01-11 00:00:00+00:00,10.9,-6.4,11.0,-11.0,-5.6,11,1,2016,25,2016-01-11,Mon
2016-01-12 00:00:00+00:00,4.6,-7.4,21.0,-8.8,-4.8,12,1,2016,12,2016-01-12,Tue
2016-01-13 00:00:00+00:00,1.1,-10.3,28.0,-11.0,-7.8,13,1,2016,46,2016-01-13,Wed
2016-01-14 00:00:00+00:00,-1.0,-12.7,25.0,-13.5,-10.9,14,1,2016,43,2016-01-14,Thu
2016-01-15 00:00:00+00:00,0.1,-10.4,22.0,-16.4,-6.6,15,1,2016,30,2016-01-15,Fri
2016-01-16 00:00:00+00:00,-1.0,-14.3,20.0,-17.1,-8.9,16,1,2016,84,2016-01-16,Sat
2016-01-17 00:00:00+00:00,1.0,-11.2,19.0,-16.1,-7.4,17,1,2016,129,2016-01-17,Sun
2016-01-18 00:00:00+00:00,2.0,-13.3,21.0,-16.9,-11.6,18,1,2016,29,2016-01-18,Mon
2016-01-19 00:00:00+00:00,-1.0,-11.9,23.0,-12.8,-10.4,19,1,2016,35,2016-01-19,Tue
2016-01-20 00:00:00+00:00,0.2,-15.9,21.0,-17.6,-12.7,20,1,2016,27,2016-01-20,Wed
2016-01-21 00:00:00+00:00,-1.0,-16.0,21.0,-20.1,-12.0,21,1,2016,25,2016-01-21,Thu
2016-01-22 00:00:00+00:00,-1.0,-17.8,20.0,-22.8,-13.4,22,1,2016,20,2016-01-22,Fri
2016-01-23 00:00:00+00:00,1.0,-3.1,20.0,-13.4,-1.5,23,1,2016,226,2016-01-23,Sat
2016-01-24 00:00:00+00:00,6.2,-2.1,21.0,-2.8,-1.0,24,1,2016,146,2016-01-24,Sun
2016-01-25 00:00:00+00:00,3.4,-2.1,31.0,-3.3,-0.7,25,1,2016,45,2016-01-25,Mon
2016-01-26 00:00:00+00:00,6.7,1.0,32.0,-2.9,3.2,26,1,2016,30,2016-01-26,Tue
2016-01-27 00:00:00+00:00,5.2,1.9,21.0,0.8,3.0,27,1,2016,32,2016-01-27,Wed
2016-01-28 00:00:00+00:00,2.1,2.2,13.0,1.2,3.4,28,1,2016,31,2016-01-28,Thu
2016-01-29 00:00:00+00:00,1.9,1.4,10.0,-0.2,3.1,29,1,2016,56,2016-01-29,Fri
2016-01-30 00:00:00+00:00,0.2,3.8,6.0,1.8,4.7,30,1,2016,289,2016-01-30,Sat
2016-01-31 00:00:00+00:00,0.1,1.7,2.0,1.0,3.9,31,1,2016,320,2016-01-31,Sun
2016-02-01 00:00:00+00:00,4.3,0.6,2.0,-1.4,1.7,1,2,2016,82,2016-02-01,Mon
2016-02-02 00:00:00+00:00,4.9,1.4,5.0,0.0,2.8,2,2,2016,41,2016-02-02,Tue
2016-02-03 00:00:00+00:00,1.0,-1.6,8.0,-4.1,2.0,3,2,2016,132,2016-02-03,Wed
2016-02-04 00:00:00+00:00,0.1,-1.0,9.0,-3.6,0.8,4,2,2016,113,2016-02-04,Thu
2016-02-05 00:00:00+00:00,-1.0,-2.3,8.0,-4.8,0.3,5,2,2016,59,2016-02-05,Fri
2016-02-06 00:00:00+00:00,4.3,-2.0,7.0,-8.9,1.1,6,2,2016,362,2016-02-06,Sat
2016-02-07 00:00:00+00:00,0.2,2.3,4.0,1.1,2.8,7,2,2016,205,2016-02-07,Sun
2016-02-08 00:00:00+00:00,4.9,2.1,0.0,0.7,3.1,8,2,2016,52,2016-02-08,Mon
2016-02-09 00:00:00+00:00,2.9,3.1,-1.0,2.2,4.1,9,2,2016,67,2016-02-09,Tue
2016-02-10 00:00:00+00:00,14.3,3.0,-1.0,2.1,3.7,10,2,2016,22,2016-02-10,Wed
2016-02-11 00:00:00+00:00,10.1,2.5,-1.0,2.2,3.9,11,2,2016,54,2016-02-11,Thu
2016-02-12 00:00:00+00:00,2.2,1.0,0.0,0.3,2.3,12,2,2016,71,2016-02-12,Fri
2016-02-13 00:00:00+00:00,6.3,1.0,0.0,0.1,1.9,13,2,2016,447,2016-02-13,Sat
2016-02-14 00:00:00+00:00,2.1,0.6,3.0,0.3,1.6,14,2,2016,349,2016-02-14,Sun
2016-02-15 00:00:00+00:00,-1.0,0.4,2.0,-0.5,2.5,15,2,2016,106,2016-02-15,Mon
2016-02-16 00:00:00+00:00,-1.0,-2.0,2.0,-4.4,0.8,16,2,2016,205,2016-02-16,Tue
2016-02-17 00:00:00+00:00,-1.0,0.5,2.0,-3.5,2.8,17,2,2016,98,2016-02-17,Wed
2016-02-18 00:00:00+00:00,2.1,0.3,2.0,-0.9,1.4,18,2,2016,143,2016-02-18,Thu
2016-02-19 00:00:00+00:00,2.9,0.8,2.0,0.5,1.5,19,2,2016,258,2016-02-19,Fri
2016-02-20 00:00:00+00:00,6.9,0.4,4.0,0.2,0.9,20,2,2016,223,2016-02-20,Sat
2016-02-21 00:00:00+00:00,3.6,0.7,7.0,0.2,1.2,21,2,2016,172,2016-02-21,Sun
2016-02-22 00:00:00+00:00,0.2,0.6,6.0,0.0,1.6,22,2,2016,377,2016-02-22,Mon
2016-02-23 00:00:00+00:00,0.1,-0.3,6.0,-1.2,1.2,23,2,2016,582,2016-02-23,Tue
2016-02-24 00:00:00+00:00,-1.0,1.0,6.0,-1.9,2.0,24,2,2016,631,2016-02-24,Wed
2016-02-25 00:00:00+00:00,1.1,1.6,6.0,1.0,2.1,25,2,2016,774,2016-02-25,Thu
2016-02-26 00:00:00+00:00,1.1,-0.6,6.0,-2.5,1.8,26,2,2016,601,2016-02-26,Fri
2016-02-27 00:00:00+00:00,-1.0,-2.2,7.0,-5.6,0.4,27,2,2016,910,2016-02-27,Sat
2016-02-28 00:00:00+00:00,-1.0,1.0,7.0,-0.8,3.5,28,2,2016,1055,2016-02-28,Sun
2016-02-29 00:00:00+00:00,-1.0,-2.8,7.0,-7.8,0.4,29,2,2016,229,2016-02-29,Mon
2016-03-01 00:00:00+00:00,-1.0,-0.8,7.0,-3.1,0.6,1,3,2016,377,2016-03-01,Tue
2016-03-02 00:00:00+00:00,-1.0,-3.5,7.0,-6.3,-0.8,2,3,2016,313,2016-03-02,Wed
2016-03-03 00:00:00+00:00,-1.0,-1.9,7.0,-3.2,-0.6,3,3,2016,233,2016-03-03,Thu
2016-03-04 00:00:00+00:00,-1.0,0.2,7.0,-0.6,1.4,4,3,2016,210,2016-03-04,Fri
2016-03-05 00:00:00+00:00,0.1,0.4,7.0,-0.3,1.4,5,3,2016,536,2016-03-05,Sat
2016-03-06 00:00:00+00:00,1.3,0.7,7.0,0.5,0.9,6,3,2016,546,2016-03-06,Sun
2016-03-07 00:00:00+00:00,4.1,1.3,7.0,0.4,2.6,7,3,2016,366,2016-03-07,Mon
2016-03-08 00:00:00+00:00,3.1,1.3,7.0,0.8,2.9,8,3,2016,220,2016-03-08,Tue
2016-03-09 00:00:00+00:00,-1.0,1.2,7.0,0.4,1.9,9,3,2016,234,2016-03-09,Wed
2016-03-10 00:00:00+00:00,-1.0,0.6,6.0,-0.5,1.9,10,3,2016,295,2016-03-10,Thu
2016-03-11 00:00:00+00:00,-1.0,-0.2,5.0,-1.0,2.4,11,3,2016,329,2016-03-11,Fri
2016-03-12 00:00:00+00:00,-1.0,0.5,4.0,-3.7,5.6,12,3,2016,1179,2016-03-12,Sat
2016-03-13 00:00:00+00:00,-1.0,-0.3,5.0,-2.7,2.9,13,3,2016,910,2016-03-13,Sun
2016-03-14 00:00:00+00:00,-1.0,2.5,5.0,-0.4,5.8,14,3,2016,172,2016-03-14,Mon
2016-03-15 00:00:00+00:00,-1.0,2.1,3.0,1.2,4.0,15,3,2016,246,2016-03-15,Tue
2016-03-16 00:00:00+00:00,-1.0,4.5,0.0,1.3,8.7,16,3,2016,408,2016-03-16,Wed
2016-03-17 00:00:00+00:00,4.5,4.2,-1.0,1.6,8.4,17,3,2016,215,2016-03-17,Thu
2016-03-18 00:00:00+00:00,-1.0,-2.5,3.0,-4.0,4.2,18,3,2016,281,2016-03-18,Fri
2016-03-19 00:00:00+00:00,-1.0,-3.0,2.0,-6.9,1.1,19,3,2016,489,2016-03-19,Sat
2016-03-20 00:00:00+00:00,0.3,-2.3,2.0,-6.8,1.5,20,3,2016,422,2016-03-20,Sun
2016-03-21 00:00:00+00:00,-1.0,-1.4,0.0,-2.4,1.0,21,3,2016,108,2016-03-21,Mon
2016-03-22 00:00:00+00:00,-1.0,-2.5,0.0,-7.0,0.7,22,3,2016,167,2016-03-22,Tue
2016-03-23 00:00:00+00:00,-1.0,0.2,0.0,-1.8,1.9,23,3,2016,146,2016-03-23,Wed
2016-03-24 00:00:00+00:00,-1.0,0.8,0.0,-0.4,1.7,24,3,2016,198,2016-03-24,Thu
2016-03-25 00:00:00+00:00,0.2,2.0,-1.0,1.0,3.1,25,3,2016,1522,2016-03-25,Fri
2016-03-26 00:00:00+00:00,-1.0,2.2,-1.0,1.7,3.1,26,3,2016,1303,2016-03-26,Sat
2016-03-27 00:00:00+00:00,-1.0,3.2,-1.0,1.0,7.5,27,3,2016,2597,2016-03-27,Sun
2016-03-28 00:00:00+00:00,-1.0,5.3,-1.0,2.5,9.7,28,3,2016,3419,2016-03-28,Mon
2016-03-29 00:00:00+00:00,-1.0,5.9,-1.0,2.7,8.3,29,3,2016,289,2016-03-29,Tue
2016-03-30 00:00:00+00:00,-1.0,3.4,-1.0,1.3,7.1,30,3,2016,166,2016-03-30,Wed
2016-03-31 00:00:00+00:00,-1.0,2.4,0.0,-1.2,7.5,31,3,2016,212,2016-03-31,Thu
